104.95,جبنة رومي كفيار
149.99,جبنة فلامنك فريكو
ارز حبة حبة بالكيلو8.5,
19.9,ارز تايلاندي حبة حبة 
24.99,ارز هندي حبة حبة 
17.99,عدس اصفر حبة حبة 
13.95,عدس بجبة حبة حبة 
14.99,حمص حبة حبة 
19.95,لوبيا حبة حبة  
15.99,ذرة فيشار حبة حبة  
15.99,مدشوش حبة و حبة 
21.99,فاصوليا حبة حبة  
29.95,شطة حار
17.95,حلبة بلدي
89.99,كركدية سوداني
71.99,حبة البركة
57.95,ينسون 
37.95,كراوية
134.95,لبان دكر
37.95,كاكاو خام 
39.99,ليمون اسود
37.95,نعناع مجفف
45.95,رز ماري
37.95,ملح صيني 
23.95,شوفان 
47.95,حب رشاد
73.95,كباب صيني 
29.95,كزبرة ناعمة 
35.99,كزبرة بلدي
74.99,قرفة ناعم 
399.95,جوزة الطيب
17.95,نشادر 
74.99,كمون بلدي
99.99,زنجبيل اخضر 
89.99,فلفل اسود ناعم
67.95,كمون ناعم 
59.99,كاري 
49.99,كركم 
149.95,قرفة عيدان
69.95,زنجبيل ناعم
44.99,سمسم محمص
29.95,سمسم بلدي
46.95,سمسم ابيض
45.95,ثوم بودرة 
37.95,بصل بودرة 
151.95,قرنفل 
89.99,فلفل اسود برازيلي 
54.55,ورق لورا
69.99,كريز
49.99,جبنة قريش بحبة البركة 
49.99,جبنة مش ميكس 
159.99,جودة فريكو 
49.99,سلطة بسطرمة 
59.99,جبنة فيومي الوراق
59.99,جبنة براميلي مزبدة
59.99,جبنة براميلي فلفل 
59.99,جبنة براميلي سادة 
59.99,جبنة شيدر لبناني 
59.99,فلفل مرجان
49.99,جبنة كيري رومي 
139.99,شيدر خشالة 
49.99,جبنة كيري بالقشطة
34.95,جبنة كيري هالبينو 
114.99,افانتي
44.99,جبنة قريش
149.99,لانشون فريش فارم فراخ مدخن
39.99,حلاوة سادة 
49.99,حلاوة شيكولاتة 
49.99,حلاوة مكسرات 
109.99,لانشون حلواني سادة 
109.99,حلواني زيتون 
109.99,حلواني بهارات
119.99,حلواني لحمة 
179.99,حلواني فراخ مدخن
119.99,حلواني فراخ عادي
179.95,بسطرمة مخلي
87.99,لانشون فريش فارم
99.99,لانشون ماي ميت بسطرمة 
49.99,الحسن والحسين سادة وزيتون
44.99,اسباني جامبو 
39.99,اخضر جامبو 
34.95,كلاماتا دولسي
39.99,شرائح اخضر 
29.95,بصل مخلل 
19.95,ليمون مخلل 
15.99,بوليف طرشي
99.95,لانشون اطياب 
42.95,جبنة اسطنبولي هيلثي
149.99,حلواني سلامي جاف
149.95,حلواني سلامي مطبوخ 
199.99,حلواني روستو رومي 
119.99,موزة بلدي 
139.99,سمانة بلدي 
134.99,قشرة لوحة 
134.99,لحم قطع 
139.99,استيك 
134.99,لحم خضار 
134.99,سن بلدي 
144.99,بفتيك بلدي
99.99,سجق بلدي 
124.99,كفتة بلدي 
99.99,حواوشي 
124.99,برجر لحم 
124.99,سجق مدخن
129.99,مفروم 
129.99,مفروم بلدي 
74.99,لحمة راس
124.99,قلب بلدي 
129.99,كبدة وقلب
139.99,كبدة صافي 
39.99,بوش
64.99,بانية متبل 
64.99,بانية فراخ 
44.99,دبوس 
35.99,اوراك 
35.99,اوراك متبلة 
79.95,شيش متبل
59.95,شيش سادة
68.95,شاورما فراخ 
64.99,برجر فراخ 
38.75,فراخ صدور 
48.95,دبوس متبل 
48.95,فراخ متبلة 
49.99,بط
44.95,حمام 
24.99,اجنحة سادة 
24.99,اجنحة متبلة 
44.95,كبدة فراخ 
39.95,قوانص فراخ 
41.99,كبدة و قوانص 
34.99,اوراك رومي 
74.95,صدور رومي
9.95,قرع 
9.99,فراولة 
59.99,كيوي 
19.99,عنب بناتي 
4.99,سفندي احمر 
11.99,ليمون 
24.99,تفاح سكري 
19.99,تفاح بولاندي
11.99,جوافة 
9.99,جزر 
24.99,فلفل الوان 
44.99,افوكادو
9.99,كوسة 
7.95,بسلة 
9.99,بطاطس
16.99,فول بلدي 
7.99,طماطم
21.99,حرنكش 
6.99,رمان
6.95,فاصوليا خضراء
149.99,ريكفورد
38.99,فراخ صندوق 
38.95,شطة قرون 
24.99,تفاح اصفر 
8.99,يوسفي 
11.99,كنتالوب
16.99,كمثري 
9.99,برتقال بصرة 
14.99,موز بلدي
3.99,بصل ابيض
24.99,كربونات 
699.95,حبهان
59.95,ببريكة 
89.95,رومي داير 1
44.95,جبنة قشطة 
6.99,بصل احمر 
7.99,شطة خضر
4.99,باذنجان
7.99,خيار 
7.99,فلفل حشو 
49.99,رنجة
69.99,لانشون فاخر بيف
44.99,جبنة ثلاجة هايبر بندا
71.99,زبيب ايراني
99.99,فلفل ابيض
49.99,ملح ليمون 
149.95,زعفران 
7.99,مكرونة سايبة 
7.99,شعرية سايبة 
179.99,شيدر احمر
20.99,موز مستورد 
175.0,روزبيف
9.5,نشا حلو الربيع سايب
149.99,مستكة 
116.99,خلطات متنوعة 1
84.99,السبع بهارات 
8.95,دقيق الضحي كجم 
79.99,لبن بودرة 
24.99,برقوق
16.99,موز 
46.99,تفاح اخضر
55.99,كريم شانتية سايب
34.99,فارماسيل 
79.99,كوردن بلو 
61.99,اتشكن استربس 
129.99,لحم ضاني 
129.99,لحم ماعز 
64.99,لية خروف 
79.99,لانشون المراعي فلفل وسادة 
279.99,بسطرمة حلواني 
64.99,مفروم مستورد
22.99,مانجو زبدية
21.99,تفاح سوري 
18.99,رقبة رومي 
31.99,جناح رومي طازة 
39.99,كبدة طازة رومي 
24.99,اجنحة 
7.99,هياكل 
119.95,فلامنك مزارع دينا 
29.99,تفاح نمساوي 
11.99,جوافة بناتي 
94.99,زعتر فاخر العريش
149.99,لون طعام 
7.99,برتقال بلدي 
69.99,جوز هند كامل الدسم
21.99,تمور جنة الوادى 
79.99,اراسيا مجفف 
99.99,مشمشية مجفف
199.99,لوز مقشر 
219.99,بندق مقشر 
11.99,بلح رطب 
15.99,بلح بريمو
259.99,فسدق امريكي 
74.99,لوز كامل 
74.99,بندق كامل 
74.99,عين جمل كامل 
199.99,عين جمل مقشر 
16.95,بلح اكتوبر
79.99,مفروم 
51.99,زبيب مصري 
249.99,كاجو محمص 
229.99,كاجو ني 
39.99,خروب قرون قبرصي 
29.99,بلح الرحاب
69.99,باذنجان مكدوس 
14.99,قرنبيط مخلل 
21.99,خيار مخلل 
17.99,لفت مخلل 
39.99,سوبيا سورس 
39.99,فول سوداني 
109.99,مشمشية مقاس 8
109.99,مشمشية مقاس 4
17.5,خوخ بلدي
149.99,تين حبل 
7.99,بطيخ كجم
64.99,ممبار بلدي 
44.99,مشمش 
11.99,اناناس العريش
7.99,دقيق المرشدي سايب
119.99,فسيخ 
14.99,ملبن سايب 
7.5,عنب احمر 
9.99,طرشي بلدي 
16.99,فلفل مخلل 
29.99,فلفل هالبينو 
24.99,خيار قشة 
44.99,زيتون اخضر محشي 
47.99,كالاماتا جامبو 
29.99,ليمون اخضر خلطة
64.99,افانتي دوبل كريمة 
4.99,ملوخية خضراء
119.99,رومي قديم 
69.99,سلطة لانشون 
59.99,مكس جبن سايب
44.99,كريز فاكهة 
44.99,مش صعيدي 
89.99,لانشون فريش فارم فراخ 
14.99,تين رمادي 
34.99,نكتارين
26.99,خوخ مستورد 
30.99,مانجو عويسي 
99.99,لانشون فريش فارم بسطرمة ولحمة 
19.99,عنب مستورد
19.99,موز سوداني
8.5,ارز سايب 
23.99,سلك مواعين 
34.99,خوخ كعب الغزال 
239.99,ريكفورد كاستيلو 
29.99,سمك مكرونة 
29.99,سمك ماكريل
14.99,بامية خضار 
49.99,جبنة تلاجة مزارع دينا 
16.99,ترمس حبة حبة سايب
59.99,زيتون كالامات تركي 
59.99,خيار هندي 
29.99,مانجو هايدي 
24.99,كمثري افريقي 
29.99,بلح برحي 
4.99,بطاطا حلوة 
12.99,تين بلدي 
34.99,مانجو الفونسو 
29.99,مانجو تيمور 
27.99,مانجو سكري 
159.99,شيدر احمر ماينز 
17.99,عنب كريمسون 
24.99,مانجو نعومي 
26.99,مانجو مبروكة 
6.99,باذنجان رومي 
9.99,سميد بسبوسة 
44.99,عرق سوس 
39.99,برقدوش 
104.99,بابونج اعشاب 
79.99,بهارات لحمة 
79.99,بهارات فراخ
79.99,بهارات الكبسة
9.99,ليمون ايطالي 
259.99,فسدق حلبي عاشوري مالح
29.99,قشطة فاكهة
12.99,شطة حمرا
6.99,بنجر 
24.99,مانجو صدر 
159.99,فريكو مدخن 
19.99,كاكا فاكهة 
11.99,سكر بودرة سايب
